family,instrument,band_index,energy_w_buildup,energy_w_decay,energy_w_residue,energy_w_shimmer,energy_w_strike,f_centre_hz,f_hi_hz,f_lo_hz,modes_per_band
plate,cymbal_16in_thin,0,0.0009239367814937024,,0.08744098191844814,0.010973826729471227,0.0011436656037033094,31.070005997851133,48.26726363532532,19.999999999999982,1.0
plate,cymbal_16in_thin,1,0.0009216252506068908,,0.07771773431645108,0.010631620618068282,0.001143328613389129,62.04115804080137,79.74567027716589,48.26726363532532,1.0
plate,cymbal_16in_thin,2,0.0,,0.0,0.0,0.0,95.6807360113951,114.80000371009025,79.74567027716589,0.0
plate,cymbal_16in_thin,3,0.0018338825936746316,,0.122297293073991,0.01993625806427942,0.002285286925182145,132.8925478326256,153.83648692246896,114.80000371009025,2.0
plate,cymbal_16in_thin,4,0.0,,0.0,0.0,0.0,174.22138513818598,197.30748957342993,153.83648692246896,0.0
plate,cymbal_16in_thin,5,0.0018234681628207328,,0.09354578318500772,0.018550820692922607,0.002283756273306647,220.18573768342424,245.71677022503872,197.30748957342993,2.0
plate,cymbal_16in_thin,6,0.0027265727109452966,,0.1209299231295826,0.026736099954181965,0.00342436112549081,271.33552007714667,299.62531408868983,245.71677022503872,3.0
plate,cymbal_16in_thin,7,0.0,,0.0,0.0,0.0,328.2721301869142,359.65783393574134,299.62531408868983,0.0
plate,cymbal_16in_thin,8,0.002707308147583655,,0.08661924057960935,0.024442808765739704,0.003421505635375407,391.6601411572962,426.51000950742576,359.65783393574134,3.0
plate,cymbal_16in_thin,9,0.0035953758462270295,,0.09571713367303113,0.03098637474529272,0.004559866077386811,462.2369334140603,500.9565493170786,426.51000950742576,4.0
plate,cymbal_16in_thin,10,0.0035798963716408057,,0.07806973364825852,0.02933536175804654,0.00455754347582722,540.822128965883,583.8601682679283,500.9565493170786,4.0
plate,cymbal_16in_thin,11,0.0,,0.0,0.0,0.0,628.3275372521083,676.1815851225036,583.8601682679283,0.0
plate,cymbal_16in_thin,12,0.004432995157728509,,0.061465651712932716,0.032398887327982615,0.005690349384575711,725.7679631618286,778.9906556781491,676.1815851225036,5.0
plate,cymbal_16in_thin,13,0.004413678582755985,,0.04729009181394511,0.030231007040300652,0.005686620899662449,834.2731048009164,893.4787706641346,778.9906556781491,5.0
plate,cymbal_16in_thin,14,0.005283665520602913,,0.04264924822682515,0.03371998109280448,0.006819074305166534,955.1007271246142,1020.9726620319176,893.4787706641346,6.0
plate,cymbal_16in_thin,15,0.005299701289154786,,0.03123933118125803,0.03131403322959484,0.006813768884589583,1089.651288384257,1162.94977763112,1020.9726620319176,6.0
plate,cymbal_16in_thin,16,0.005379573410933298,,0.022245408722254344,0.029223940404428363,0.006807987432225146,1239.484201797112,1321.055402438827,1162.94977763112,6.0
plate,cymbal_16in_thin,17,0.004649866703875737,,0.01279866650765103,0.023046770088087812,0.0056680707590747,1406.3359280729921,1497.1217247495472,1321.055402438827,5.0
plate,cymbal_16in_thin,18,0.004980028403595095,,0.008541743755306553,0.0223324250582387,0.00566234357768114,1592.1401126215692,1693.1890682721116,1497.1217247495472,5.0
plate,cymbal_16in_thin,19,0.004431118408112011,,0.004394240851205614,0.017813884633852372,0.004524877467465007,1799.050003290016,1911.5295361791561,1693.1890682721116,4.0
plate,cymbal_16in_thin,20,0.005094683579509293,,0.002713027863778573,0.018177270466877782,0.004519425681097054,2029.4634099536993,2154.6733411054515,1911.5295361791561,4.0
plate,cymbal_16in_thin,21,0.004472481484069736,,0.001201495295922083,0.014006629065518516,0.0033851079978607043,2286.0504961747515,2425.4381262171387,2154.6733411054515,3.0
plate,cymbal_16in_thin,22,0.008701177120345112,,0.0011260775536593543,0.02363129169768675,0.005633733150755969,2571.784725619831,2726.9616171356174,2425.4381262171387,5.0
plate,cymbal_16in_thin,23,0.0039735644432872235,,0.00024010320755567515,0.009235601926598523,0.00224995166138501,2889.9773222733784,3062.7379830990285,2726.9616171356174,2.0
plate,cymbal_16in_thin,24,0.0043723153573165556,,0.00012070660927968647,0.008571885526382229,0.0022460867217460006,3244.3156440657726,3436.658328728339,3062.7379830990285,2.0
plate,cymbal_16in_thin,25,0.07117721787313853,,0.0008817141573410814,0.11584894762592564,0.03473180760854737,3638.905914797386,3853.0557856320793,3436.658328728339,30.984690533828054
plate,cymbal_16in_thin,26,0.0791823233592972,,0.00043155688460021853,0.10515191531890636,0.038597912012518,4078.320809686421,4316.755726388418,3853.0557856320793,34.50453149191772
plate,cymbal_16in_thin,27,0.08370700930859545,,0.00019559400364274412,0.08898645998938012,0.04288611985839331,4567.652446074554,4833.131682803398,4316.755726388418,38.424224123747045
plate,cymbal_16in_thin,28,0.08435570052890026,,8.149155556135129e-05,0.07030739315795073,0.04764071789683409,5112.571393434344,5408.167616447384,4833.131682803398,42.78919132281987
plate,cymbal_16in_thin,29,0.08159443812259336,,3.096295739098395e-05,0.05211525018453721,0.052910244854263024,5719.392386557584,6048.527263084527,5408.167616447384,47.65001599419019
plate,cymbal_16in_thin,30,0.07657528178650536,,1.0635322842905476e-05,0.036556511383764846,0.05874781133254729,6395.147503469621,6761.631354584867,6048.527263084527,53.06302722845994
plate,cymbal_16in_thin,31,0.07075136605294213,,3.271029492543352e-06,0.024564569669075772,0.06521142273976079,7147.667656109318,7555.743613196125,6761.631354584867,59.09095306477129
plate,cymbal_16in_thin,32,0.06545423623616309,,8.914529295939641e-07,0.01604026814735453,0.07236429907904231,7985.673338139188,8440.066514709539,7555.743613196125,65.80364740725172
plate,cymbal_16in_thin,33,0.06159438399990442,,2.1282249705363638e-07,0.010310614321316913,0.0802751835416276,8918.87568152042,9424.847930259928,8440.066514709539,73.27889951870607
plate,cymbal_16in_thin,34,0.05956130558407361,,4.395380547373221e-08,0.00657051639845675,0.08901862957450889,9958.08899294587,10521.49988256573,9424.847930259928,81.60333547226422
plate,cymbal_16in_thin,35,0.0593000451921535,,7.74595722827374e-09,0.004145046004901787,0.0986752533620211,11115.35607425443,11742.730792801776,10521.49988256573,90.87342200736948
plate,cymbal_16in_thin,36,0.06048032364018208,,1.147439129358672e-09,0.002566019902727792,0.10933193540925641,12404.08777909383,13102.692750631822,11742.730792801776,101.19658442314655
plate,cymbal_16in_thin,37,0.06266945298927201,,1.405463492097315e-10,0.0015397090093454285,0.12108195107773355,13839.218423072582,14617.145514022386,13102.692750631822,112.69245146375872
plate,cymbal_18in_medium,0,0.0009489951209226576,,0.07623501740430516,0.009015394454819163,0.0012312107453274826,31.070005997851133,48.26726363532532,19.999999999999982,1.0
plate,cymbal_18in_medium,1,0.0,,0.0,0.0,0.0,62.04115804080137,79.74567027716589,48.26726363532532,0.0
plate,cymbal_18in_medium,2,0.0009442615960686474,,0.060250281971762555,0.008462909842137267,0.0012304866565950577,95.6807360113951,114.80000371009025,79.74567027716589,1.0
plate,cymbal_18in_medium,3,0.0018836198196684477,,0.10662433176574487,0.016378355047274282,0.0024602207230240212,132.8925478326256,153.83648692246896,114.80000371009025,2.0
plate,cymbal_18in_medium,4,0.0018784405735268492,,0.09366639232731626,0.01581783493565558,0.002459423911023673,174.22138513818598,197.30748957342993,153.83648692246896,2.0
plate,cymbal_18in_medium,5,0.0,,0.0,0.0,0.0,220.18573768342424,245.71677022503872,197.30748957342993,0.0
plate,cymbal_18in_medium,6,0.0028005208271336545,,0.10543219657669453,0.021964670411926332,0.0036864886029043713,271.33552007714667,299.62531408868983,245.71677022503872,3.0
plate,cymbal_18in_medium,7,0.0027909952530340548,,0.08981302914022028,0.02103829735169869,0.0036850111884667116,328.2721301869142,359.65783393574134,299.62531408868983,3.0
plate,cymbal_18in_medium,8,0.0037076450457825456,,0.1006914480030717,0.026774198650327832,0.004911219374884772,391.6601411572962,426.51000950742576,359.65783393574134,4.0
plate,cymbal_18in_medium,9,0.0,,0.0,0.0,0.0,462.2369334140603,500.9565493170786,426.51000950742576,0.0
plate,cymbal_18in_medium,10,0.0036769877097040378,,0.06806473775620753,0.02410005773221739,0.004906413624372079,540.822128965883,583.8601682679283,500.9565493170786,4.0
plate,cymbal_18in_medium,11,0.004575029572613199,,0.06818158364344196,0.02838696400252429,0.006129622910611539,628.3275372521083,676.1815851225036,583.8601682679283,5.0
plate,cymbal_18in_medium,12,0.004553223618781537,,0.05358854538564801,0.026616854481087616,0.006125933388458144,725.7679631618286,778.9906556781491,676.1815851225036,5.0
plate,cymbal_18in_medium,13,0.005440059784503525,,0.04947557852243217,0.029803035162140716,0.00734630339525492,834.2731048009164,893.4787706641346,778.9906556781491,6.0
plate,cymbal_18in_medium,14,0.005426965242722741,,0.037183550659174135,0.027702180657204954,0.0073410597735224,955.1007271246142,1020.9726620319176,893.4787706641346,6.0
plate,cymbal_18in_medium,15,0.005443435921692105,,0.0272358670276964,0.025725607711478356,0.007335348234413701,1089.651288384257,1162.94977763112,1020.9726620319176,6.0
plate,cymbal_18in_medium,16,0.009209123794825632,,0.03232426191738111,0.04001420178591676,0.012215207040513772,1239.484201797112,1321.055402438827,1162.94977763112,10.0
plate,cymbal_18in_medium,17,0.0038207815974464444,,0.008926766763645604,0.015147002290141,0.004881559505681986,1406.3359280729921,1497.1217247495472,1321.055402438827,4.0
plate,cymbal_18in_medium,18,0.004092074481050593,,0.00595766396545028,0.01467751412491355,0.00487662703783519,1592.1401126215692,1693.1890682721116,1497.1217247495472,4.0
plate,cymbal_18in_medium,19,0.006826943953996381,,0.005746647974792905,0.02195212308877408,0.007306870655014965,1799.050003290016,1911.5295361791561,1693.1890682721116,6.0
plate,cymbal_18in_medium,20,0.002616428935637115,,0.0011826704245294405,0.007466641647017077,0.0024326889972285915,2029.4634099536993,2154.6733411054515,1911.5295361791561,2.0
plate,cymbal_18in_medium,21,0.004593780864462787,,0.0010475181406498595,0.01150695095894494,0.0036442307327984556,2286.0504961747515,2425.4381262171387,2154.6733411054515,3.0
plate,cymbal_18in_medium,22,0.03387498011014335,,0.0037212349925673065,0.07358569776218084,0.022988409578485008,2571.784725619831,2726.9616171356174,2425.4381262171387,18.951750093295402
plate,cymbal_18in_medium,23,0.04306756135702941,,0.0022089492439981147,0.08006452613814298,0.02555964528249384,2889.9773222733784,3062.7379830990285,2726.9616171356174,21.104656740306666
plate,cymbal_18in_medium,24,0.05277284048266415,,0.0012366528354785656,0.08275233681653629,0.028414310834772666,3244.3156440657726,3436.658328728339,3062.7379830990285,23.502132200642553
plate,cymbal_18in_medium,25,0.06175211057709213,,0.0006493163908025484,0.08039106861504679,0.03158273948718487,3638.905914797386,3853.0557856320793,3436.658328728339,26.171959334528278
plate,cymbal_18in_medium,26,0.06869720022703633,,0.00031780929953493647,0.072968076211631,0.035098311426228254,4078.320809686421,4316.755726388418,3853.0557856320793,29.14507711727828
plate,cymbal_18in_medium,27,0.07262273869870965,,0.00014404032355669395,0.06175038062422119,0.03899771547653322,4567.652446074554,4833.131682803398,4316.755726388418,32.45593917194645
plate,cymbal_18in_medium,28,0.07318553186713678,,6.001242273068417e-05,0.04878841442527714,0.04332122299180002,5112.571393434344,5408.167616447384,4833.131682803398,36.14291303105149
plate,cymbal_18in_medium,29,0.07078990884980356,,2.2801897388508735e-05,0.03616433933438577,0.04811297178279064,5719.392386557584,6048.527263084527,5408.167616447384,40.24872475418245
plate,cymbal_18in_medium,30,0.06643537651022491,,7.832118137016476e-06,0.025367662591708393,0.05342125701230468,6395.147503469621,6761.631354584867,6048.527263084527,44.820954053874274
plate,cymbal_18in_medium,31,0.061382648978619794,,2.4088680516505774e-06,0.017046093609259825,0.059298824846412544,7147.667656109318,7555.743613196125,6761.631354584867,49.91258566746916
plate,cymbal_18in_medium,32,0.056786951704107476,,6.564882666281099e-07,0.01113082443702021,0.06580316324865515,7985.673338139188,8440.066514709539,7555.743613196125,55.58262336446373
plate,cymbal_18in_medium,33,0.053438211345506956,,1.5672781764691143e-07,0.007154845342615594,0.07299678259352227,8918.87568152042,9424.847930259928,8440.066514709539,61.89677370470141
plate,cymbal_18in_medium,34,0.05167434803505769,,3.236868331377007e-08,0.0045594789201729375,0.08094747670622351,9958.08899294587,10521.49988256573,9424.847930259928,68.92820747104965
plate,cymbal_18in_medium,35,0.051447683083920934,,5.704316925046243e-09,0.0028763720743373708,0.08972855245224073,11115.35607425443,11742.730792801776,10521.49988256573,76.7584076003507
plate,cymbal_18in_medium,36,0.05247167204292077,,8.450029161237305e-10,0.0017806383769135023,0.09941901304355082,12404.08777909383,13102.692750631822,11742.730792801776,85.4781134387704
plate,cymbal_18in_medium,37,0.05437092241645323,,1.0350185198856335e-10,0.0010684503843502657,0.11010367673886992,13839.218423072582,14617.145514022386,13102.692750631822,95.18837226396558
plate,cymbal_46cm_medium,0,0.0009668914801501737,,0.08726914537772162,0.009797471307346551,0.0012454458739732468,31.070005997851133,48.26726363532532,19.999999999999982,1.0
plate,cymbal_46cm_medium,1,0.0,,0.0,0.0,0.0,62.04115804080137,79.74567027716589,48.26726363532532,0.0
plate,cymbal_46cm_medium,2,0.0009620686894408055,,0.06897080627078778,0.009197059182549521,0.0012447134134033473,95.6807360113951,114.80000371009025,79.74567027716589,1.0
plate,cymbal_46cm_medium,3,0.0009595707687668183,,0.06102847894897795,0.008899580847038109,0.0012443327676362795,132.8925478326256,153.83648692246896,114.80000371009025,1.0
plate,cymbal_46cm_medium,4,0.0019138646200263648,,0.10722350813758268,0.017190016998489502,0.00248785951061599,174.22138513818598,197.30748957342993,153.83648692246896,2.0
plate,cymbal_46cm_medium,5,0.0019082429298962528,,0.09336194966176281,0.016562238310044615,0.002486998663368171,220.18573768342424,245.71677022503872,197.30748957342993,2.0
plate,cymbal_46cm_medium,6,0.0,,0.0,0.0,0.0,271.33552007714667,299.62531408868983,245.71677022503872,0.0
plate,cymbal_46cm_medium,7,0.001895752304588254,,0.06854161043678779,0.015242233026458475,0.0024850779325085604,328.2721301869142,359.65783393574134,299.62531408868983,2.0
plate,cymbal_46cm_medium,8,0.0028331734751460666,,0.08644901890168447,0.02182262609543069,0.0037260017810765455,391.6601411572962,426.51000950742576,359.65783393574134,3.0
plate,cymbal_46cm_medium,9,0.0028218962135330337,,0.0716467748049862,0.02074855870493968,0.0037242527712400574,462.2369334140603,500.9565493170786,426.51000950742576,3.0
plate,cymbal_46cm_medium,10,0.002809746865984797,,0.05843723491438001,0.01964303603021313,0.0037223557955070007,540.822128965883,583.8601682679283,500.9565493170786,3.0
plate,cymbal_46cm_medium,11,0.003729045191207308,,0.062440056946605274,0.024679604799210303,0.0049603943708288354,628.3275372521083,676.1815851225036,583.8601682679283,4.0
plate,cymbal_46cm_medium,12,0.003711271450953821,,0.049075888924258564,0.023140672934693487,0.0049574086268136435,725.7679631618286,778.9906556781491,676.1815851225036,4.0
plate,cymbal_46cm_medium,13,0.003695099754239748,,0.037757726932078545,0.021592279985547684,0.004954160386323515,834.2731048009164,893.4787706641346,778.9906556781491,4.0
plate,cymbal_46cm_medium,14,0.008293962224734221,,0.06384815269850178,0.04515797752944916,0.011138904497327856,955.1007271246142,1020.9726620319176,893.4787706641346,9.0
plate,cymbal_46cm_medium,15,0.0036973929576584567,,0.02078529368835785,0.018638186395533086,0.004946772504154038,1089.651288384257,1162.94977763112,1020.9726620319176,4.0
plate,cymbal_46cm_medium,16,0.004691395740901194,,0.01850141056264899,0.021742697773713678,0.006178218987314926,1239.484201797112,1321.055402438827,1162.94977763112,5.0
plate,cymbal_46cm_medium,17,0.0077856694784558715,,0.02043762388924458,0.03292198052424446,0.009875999162579438,1406.3359280729921,1497.1217247495472,1321.055402438827,8.0
plate,cymbal_46cm_medium,18,0.004169243723846522,,0.006819966209952395,0.015950774447272782,0.004933010084770451,1592.1401126215692,1693.1890682721116,1497.1217247495472,4.0
plate,cymbal_46cm_medium,19,0.00695568796830496,,0.006578408120340645,0.023856448786068997,0.007391351922065986,1799.050003290016,1911.5295361791561,1693.1890682721116,6.0
plate,cymbal_46cm_medium,20,0.006664425323457723,,0.003384620372840728,0.020285914184205264,0.006152038726425731,2029.4634099536993,2154.6733411054515,1911.5295361791561,5.0
plate,cymbal_46cm_medium,21,0.006240548529139681,,0.0015988455352017059,0.01667355727587974,0.004915153258362354,2286.0504961747515,2425.4381262171387,2154.6733411054515,4.0
plate,cymbal_46cm_medium,22,0.0036422812441076753,,0.00044954584717971514,0.008439240315024688,0.0024540424001404347,2571.784725619831,2726.9616171356174,2425.4381262171387,2.0
plate,cymbal_46cm_medium,23,0.04445773145420406,,0.0025619769577733694,0.08815616067139899,0.02619573248462433,2889.9773222733784,3062.7379830990285,2726.9616171356174,21.382651419201864
plate,cymbal_46cm_medium,24,0.054476285545963364,,0.0014342910222449143,0.09111561202204979,0.029121440346140958,3244.3156440657726,3436.658328728339,3062.7379830990285,23.811706896638068
plate,cymbal_46cm_medium,25,0.06374539589106742,,0.0007530882097271574,0.0885157048097144,0.03236871973745773,3638.905914797386,3853.0557856320793,3436.658328728339,26.516701517298067
plate,cymbal_46cm_medium,26,0.0709146648455585,,0.0003686006387819462,0.08034251572658627,0.03597178155728306,4078.320809686421,4316.755726388418,3853.0557856320793,29.52898179074874
plate,cymbal_46cm_medium,27,0.07496691507027003,,0.0001670604206706642,0.06799111589615095,0.03996822768250421,4567.652446074554,4833.131682803398,4316.755726388418,32.883455169925966
plate,cymbal_46cm_medium,28,0.0755478745385523,,6.960343006246951e-05,0.053719162635854585,0.04439933167528003,5112.571393434344,5408.167616447384,4833.131682803398,36.61899457201373
plate,cymbal_46cm_medium,29,0.07307492363503598,,2.644602897128497e-05,0.03981924908212606,0.04931032977697455,5719.392386557584,6048.527263084527,5408.167616447384,40.77888885263997
plate,cymbal_46cm_medium,30,0.0685798321262144,,9.083824018191083e-06,0.02793141790952405,0.054750719042457534,6395.147503469621,6761.631354584867,6048.527263084527,45.41134445364735
plate,cymbal_46cm_medium,31,0.06336400850784975,,2.7938461960651907e-06,0.018768838579583096,0.06077455829925571,7147.667656109318,7555.743613196125,6761.631354584867,50.570044037732885
plate,cymbal_46cm_medium,32,0.05861996754436626,,7.614062734667495e-07,0.012255749141411794,0.0674407661785691,7985.673338139188,8440.066514709539,7555.743613196125,56.31476858362034
plate,cymbal_46cm_medium,33,0.05516313379568183,,1.8177559242001143e-07,0.007877942030336243,0.07481340871220493,8918.87568152042,9424.847930259928,8440.066514709539,62.71209015084975
plate,cymbal_46cm_medium,34,0.05334233505744359,,3.7541750236526975e-08,0.005020277714141545,0.08296196686868487,9958.08899294587,10521.49988256573,9424.847930259928,69.83614334219511
plate,cymbal_46cm_medium,35,0.053108353628957765,,6.615963930141616e-09,0.0031670694996495962,0.09196157185645198,11115.35607425443,11742.730792801776,10521.49988256573,77.76948440372809
plate,cymbal_46cm_medium,36,0.054165395744110036,,9.80048774883552e-10,0.001960596664020757,0.10189319299192282,12404.08777909383,13102.692750631822,11742.730792801776,86.60404791808347
plate,cymbal_46cm_medium,37,0.056125951680185145,,1.2004321086238388e-10,0.0011764321640982949,0.11284375935375178,13839.218423072582,14617.145514022386,13102.692750631822,96.44221217748284
plate,gong_50cm_bronze,0,0.0,,0.0,0.0,0.0,31.070005997851133,48.26726363532532,19.999999999999982,0.0
plate,gong_50cm_bronze,1,0.0015215055236040148,,0.11561188186782284,0.015682697767884408,0.0018466920490304416,62.04115804080137,79.74567027716589,48.26726363532532,1.0
plate,gong_50cm_bronze,2,0.0,,0.0,0.0,0.0,95.6807360113951,114.80000371009025,79.74567027716589,0.0
plate,gong_50cm_bronze,3,0.0015137728127998982,,0.09096392428305676,0.014703981691807694,0.0018455854008486846,132.8925478326256,153.83648692246896,114.80000371009025,1.0
plate,gong_50cm_bronze,4,0.0015096105068408694,,0.07990917718713791,0.01420076403439691,0.0018449876558653577,174.22138513818598,197.30748957342993,153.83648692246896,1.0
plate,gong_50cm_bronze,5,0.0,,0.0,0.0,0.0,220.18573768342424,245.71677022503872,197.30748957342993,0.0
plate,gong_50cm_bronze,6,0.0030008548756517935,,0.11992917798499396,0.02629227096138725,0.0036873274457274187,271.33552007714667,299.62531408868983,245.71677022503872,2.0
plate,gong_50cm_bronze,7,0.0029906478937207132,,0.10216236697007097,0.025183378769788062,0.003685849695111181,328.2721301869142,359.65783393574134,299.62531408868983,2.0
plate,gong_50cm_bronze,8,0.0,,0.0,0.0,0.0,391.6601411572962,426.51000950742576,359.65783393574134,0.0
plate,gong_50cm_bronze,9,0.002967792064000326,,0.07119377609410477,0.022853992232706614,0.0036825232619661107,462.2369334140603,500.9565493170786,426.51000950742576,2.0
plate,gong_50cm_bronze,10,0.0044325218681302795,,0.08710163359153958,0.032454432082146795,0.005520971312201514,540.822128965883,583.8601682679283,500.9565493170786,3.0
plate,gong_50cm_bronze,11,0.004412072104441814,,0.0698009279045272,0.030581928241829336,0.005517915909249166,628.3275372521083,676.1815851225036,583.8601682679283,3.0
plate,gong_50cm_bronze,12,0.004391042854448034,,0.05486129821409454,0.028674948602867543,0.0055145945837313266,725.7679631618286,778.9906556781491,676.1815851225036,3.0
plate,gong_50cm_bronze,13,0.005829212112974423,,0.056278496087398315,0.0356749935810229,0.007347975011403193,834.2731048009164,893.4787706641346,778.9906556781491,4.0
plate,gong_50cm_bronze,14,0.005815180858799638,,0.042296308053055114,0.03316021713055406,0.007342730196509665,955.1007271246142,1020.9726620319176,893.4787706641346,4.0
plate,gong_50cm_bronze,15,0.005832829760679471,,0.030980812791509767,0.03079420887778404,0.0073370173577676015,1089.651288384257,1162.94977763112,1020.9726620319176,4.0
plate,gong_50cm_bronze,16,0.007400920867762721,,0.02757664845223435,0.0359235154430442,0.009163489914273093,1239.484201797112,1321.055402438827,1162.94977763112,5.0
plate,gong_50cm_bronze,17,0.006141149339656713,,0.015231302696738521,0.027197022377051003,0.0073240054217467284,1406.3359280729921,1497.1217247495472,1321.055402438827,4.0
plate,gong_50cm_bronze,18,0.0065771988940496314,,0.01016526875024639,0.026354038406304355,0.007316605036437387,1592.1401126215692,1693.1890682721116,1497.1217247495472,4.0
plate,gong_50cm_bronze,19,0.016459439496480904,,0.01470783382939942,0.05912381586465142,0.016444199921472186,1799.050003290016,1911.5295361791561,1693.1890682721116,9.0
plate,gong_50cm_bronze,20,0.008410782150482134,,0.004035864653672564,0.026813281739254832,0.007299727631871471,2029.4634099536993,2154.6733411054515,1911.5295361791561,4.0
plate,gong_50cm_bronze,21,0.017228382484903437,,0.004170433488445106,0.04820939873320165,0.01275770986015953,2286.0504961747515,2425.4381262171387,2154.6733411054515,7.0
plate,gong_50cm_bronze,22,0.008618832247756326,,0.0010050829164234736,0.020915103287058832,0.005459727025472091,2571.784725619831,2726.9616171356174,2425.4381262171387,3.0
plate,gong_50cm_bronze,23,0.016399833459632477,,0.000892935953169448,0.034058578396125146,0.0090852441614885,2889.9773222733784,3062.7379830990285,2726.9616171356174,5.0
plate,gong_50cm_bronze,24,0.0144364576875799,,0.0003591231364487829,0.025288767317880583,0.007255710111524139,3244.3156440657726,3436.658328728339,3062.7379830990285,4.0
plate,gong_50cm_bronze,25,0.007584780371926068,,8.466286990552558e-05,0.011030526136280796,0.003621042534625463,3638.905914797386,3853.0557856320793,3436.658328728339,2.0
plate,gong_50cm_bronze,26,0.07930404540216159,,0.00038946489799375884,0.09409930650127757,0.03782118670784022,4078.320809686421,4316.755726388418,3853.0557856320793,20.93264304637198
plate,gong_50cm_bronze,27,0.08383568686872307,,0.00017651670358006301,0.07963301617102152,0.042023100778432326,4567.652446074554,4833.131682803398,4316.755726388418,23.310577861478706
plate,gong_50cm_bronze,28,0.08448537528154727,,7.354326047528042e-05,0.0629173222191065,0.046682019635863777,5112.571393434344,5408.167616447384,4833.131682803398,25.958644545378352
plate,gong_50cm_bronze,29,0.08171986815891075,,2.7942979181147224e-05,0.04663737113710745,0.0518455052372165,5719.392386557584,6048.527263084527,5408.167616447384,28.907529904990525
plate,gong_50cm_bronze,30,0.07669299618710049,,9.59800451330994e-06,0.032714024836215494,0.05756559941285519,6395.147503469621,6761.631354584867,6048.527263084527,32.19140674880483
plate,gong_50cm_bronze,31,0.07086012771142912,,2.9519889801506098e-06,0.021982566492982726,0.06389914029869029,7147.667656109318,7555.743613196125,6761.631354584867,35.84832989442312
plate,gong_50cm_bronze,32,0.065554854947648,,8.045048907334124e-07,0.014354261681139414,0.07090807568976326,7985.673338139188,8440.066514709539,7555.743613196125,39.92067716230175
plate,gong_50cm_bronze,33,0.061689069201491926,,1.920648124581664e-07,0.00922685672719854,0.0786597654233052,8918.87568152042,9424.847930259928,8440.066514709539,44.45564046610331
plate,gong_50cm_bronze,34,0.059652865461124284,,3.9666762311352474e-08,0.005879883733690631,0.08722726266958836,9958.08899294587,10521.49988256573,9424.847930259928,49.50577269059199
plate,gong_50cm_bronze,35,0.059391203449912444,,6.9904537487990826e-09,0.0037093566322041025,0.09668956133269796,11115.35607425443,11742.730792801776,10521.49988256573,55.12959669451423
plate,gong_50cm_bronze,36,0.06057329626632209,,1.0355234255704337e-09,0.0022963033301186685,0.10713179357738153,12404.08777909383,13102.692750631822,11742.730792801776,61.39228349580585
plate,gong_50cm_bronze,37,0.06276579082730734,,1.2683813307501934e-10,0.0013778688629090857,0.11864535773788316,13839.218423072582,14617.145514022386,13102.692750631822,68.36640749821562
plate,tamtam_80cm_bronze,0,0.00036957614509493475,,0.03319938711336926,0.003317087907924268,0.0004826803257756117,31.070005997851133,48.26726363532532,19.999999999999982,1.0
plate,tamtam_80cm_bronze,1,0.0011059545874690438,,0.08852306174531235,0.00964094505860635,0.0014476143003486037,62.04115804080137,79.74567027716589,48.26726363532532,3.0
plate,tamtam_80cm_bronze,2,0.0007354654474871266,,0.0524764734888678,0.006227617891572309,0.0009647929122156406,95.6807360113951,114.80000371009025,79.74567027716589,2.0
plate,tamtam_80cm_bronze,3,0.0007335558807727695,,0.0464335496537235,0.006026185959058371,0.0009644978689276215,132.8925478326256,153.83648692246896,114.80000371009025,2.0
plate,tamtam_80cm_bronze,4,0.0021946166338948445,,0.12237159212132676,0.017459851343462143,0.0028925564671159884,174.22138513818598,197.30748957342993,153.83648692246896,6.0
plate,tamtam_80cm_bronze,5,0.0010940851384265776,,0.053275865629211674,0.00841110915811725,0.0014457777934681795,220.18573768342424,245.71677022503872,197.30748957342993,3.0
plate,tamtam_80cm_bronze,6,0.0029083554979540973,,0.12243837289974331,0.02155091286430883,0.00385397442113166,271.33552007714667,299.62531408868983,245.71677022503872,8.0
plate,tamtam_80cm_bronze,7,0.0014492315697636458,,0.052149919617422456,0.01032099513757544,0.0019262149421465453,328.2721301869142,359.65783393574134,299.62531408868983,4.0
plate,tamtam_80cm_bronze,8,0.003248782369559435,,0.09866217086230375,0.022165179219058244,0.00433210577299444,391.6601411572962,426.51000950742576,359.65783393574134,9.0
plate,tamtam_80cm_bronze,9,0.0014381559128621847,,0.03634165701795071,0.00936633423434535,0.001924476557307743,462.2369334140603,500.9565493170786,426.51000950742576,4.0
plate,tamtam_80cm_bronze,10,0.0032219192228127402,,0.06669300044226184,0.019951375792817916,0.004327866699568792,540.822128965883,583.8601682679283,500.9565493170786,9.0
plate,tamtam_80cm_bronze,11,0.0028507152559398897,,0.04750754950054467,0.01671133623844856,0.0038448636282344033,628.3275372521083,676.1815851225036,583.8601682679283,8.0
plate,tamtam_80cm_bronze,12,0.00212784592335745,,0.028004561531063794,0.011751957821301997,0.0028819120055689836,725.7679631618286,778.9906556781491,676.1815851225036,6.0
plate,tamtam_80cm_bronze,13,0.0017654782761932397,,0.017954991244519658,0.00913800722116802,0.0024000197431167437,834.2731048009164,893.4787706641346,778.9906556781491,5.0
plate,tamtam_80cm_bronze,14,0.001408982933456078,,0.010795311084201623,0.006795085816204686,0.001918645331553722,955.1007271246142,1020.9726620319176,893.4787706641346,4.0
plate,tamtam_80cm_bronze,15,0.0007066295774890566,,0.003953625353142415,0.003155125479770623,0.0009585762873121048,1089.651288384257,1162.94977763112,1020.9726620319176,2.0
plate,tamtam_80cm_bronze,16,0.00873718059757336,,0.03429392784024783,0.035867363622108316,0.011666513353248554,1239.484201797112,1321.055402438827,1162.94977763112,24.362006234613172
plate,tamtam_80cm_bronze,17,0.010091929212698808,,0.026366457347676862,0.03779905736311933,0.012979794551908772,1406.3359280729921,1497.1217247495472,1321.055402438827,27.129514506874695
plate,tamtam_80cm_bronze,18,0.012036341023674312,,0.019595780626532812,0.04078831431961752,0.014439685851921775,1592.1401126215692,1693.1890682721116,1497.1217247495472,30.211409942626638
plate,tamtam_80cm_bronze,19,0.01490784966732892,,0.01403262347240483,0.04528949649690532,0.016062285283183396,1799.050003290016,1911.5295361791561,1693.1890682721116,33.64340672186183
plate,tamtam_80cm_bronze,20,0.01908744669539486,,0.009648021023681399,0.051463165756820924,0.017865399538288845,2029.4634099536993,2154.6733411054515,1911.5295361791561,37.46527613249868
plate,tamtam_80cm_bronze,21,0.02487979978010171,,0.006344154785016275,0.05888018489043658,0.019868712312547627,2286.0504961747515,2425.4381262171387,2154.6733411054515,41.721307455236534
plate,tamtam_80cm_bronze,22,0.032341232113052086,,0.003972832176193669,0.06637479930922298,0.022093966294556417,2571.784725619831,2726.9616171356174,2425.4381262171387,46.460821204637064
plate,tamtam_80cm_bronze,23,0.04111760343067272,,0.002358298965172289,0.07221874652031264,0.024565159214004775,2889.9773222733784,3062.7379830990285,2726.9616171356174,51.73874067406122
plate,tamtam_80cm_bronze,24,0.05038345934862574,,0.0013202644244138038,0.07464317001271625,0.027308754166885215,3244.3156440657726,3436.658328728339,3062.7379830990285,57.61622840774429
plate,tamtam_80cm_bronze,25,0.05895617754315914,,0.0006932174547059727,0.07251329005294958,0.03035390418538056,3638.905914797386,3853.0557856320793,3436.658328728339,64.16139497569286
plate,tamtam_80cm_bronze,26,0.06558681631208181,,0.00033929676938109426,0.06581770047461945,0.03373269068481753,4078.320809686421,4316.755726388418,3853.0557856320793,71.4500882649497
plate,tamtam_80cm_bronze,27,0.06933461927663874,,0.0001537790634663958,0.05569926284380916,0.03748037498468862,4567.652446074554,4833.131682803398,4316.755726388418,79.56677243384732
plate,tamtam_80cm_bronze,28,0.06987193101623417,,6.406993497374141e-05,0.04400748127114036,0.0416356615429187,5112.571393434344,5408.167616447384,4833.131682803398,88.60550671489145
plate,tamtam_80cm_bronze,29,0.06758477395202252,,2.434356115759207e-05,0.03262047977350529,0.046240970836659984,5719.392386557584,6048.527263084527,5408.167616447384,98.67103540903435
plate,tamtam_80cm_bronze,30,0.06342740055489585,,8.361657085520994e-06,0.022881804000968484,0.051342718938996695,6395.147503469621,6761.631354584867,6048.527263084527,109.88000170258717
plate,tamtam_80cm_bronze,31,0.05860344395411488,,2.5717345244031303e-06,0.015375692243586288,0.05699159974466512,7147.667656109318,7555.743613196125,6761.631354584867,122.36229937296424
plate,tamtam_80cm_bronze,32,0.054215824779341754,,7.008742297014693e-07,0.010040079262972191,0.06324286444990306,7985.673338139188,8440.066514709539,7555.743613196125,136.26257804732333
plate,tamtam_80cm_bronze,33,0.05101870440106542,,1.6732437432624774e-07,0.006453719107746409,0.0701565912476939,8918.87568152042,9424.847930259928,8440.066514709539,151.74191945763266
plate,tamtam_80cm_bronze,34,0.04933470303623938,,3.455716901158398e-08,0.004112680962259617,0.0777979362108858,9958.08899294587,10521.49988256573,9424.847930259928,168.97970411722068
plate,tamtam_80cm_bronze,35,0.049118300730680166,,6.089992668642236e-09,0.002594507152596688,0.08623735394877165,11115.35607425443,11742.730792801776,10521.49988256573,188.17569005060858
plate,tamtam_80cm_bronze,36,0.05009592682806937,,9.021345818952918e-10,0.0016061479133065634,0.09555077378115145,12404.08777909383,13102.692750631822,11742.730792801776,209.552327665684
plate,tamtam_80cm_bronze,37,0.05190918537380124,,1.1049973696826721e-10,0.0009637495055399096,0.10581971382013472,13839.218423072582,14617.145514022386,13102.692750631822,233.35733759390934
membrane,bassdrum_32in,0,,0.6985232130769975,,,0.00855721714344563,31.070005997851133,48.26726363532532,19.999999999999982,1.0
membrane,bassdrum_32in,1,,0.1651720727512139,,,0.007989349112144054,62.04115804080137,79.74567027716589,48.26726363532532,1.0
membrane,bassdrum_32in,2,,0.11556083573871875,,,0.02941134714490309,95.6807360113951,114.80000371009025,79.74567027716589,4.0
membrane,bassdrum_32in,3,,0.018077769934548907,,,0.03330006863926789,132.8925478326256,153.83648692246896,114.80000371009025,5.0
membrane,bassdrum_32in,4,,0.0024979806180268583,,,0.047414795746121306,174.22138513818598,197.30748957342993,153.83648692246896,8.0
membrane,bassdrum_32in,5,,0.00016029388083650496,,,0.04654110192302625,220.18573768342424,245.71677022503872,197.30748957342993,9.0
membrane,bassdrum_32in,6,,7.643739253261985e-06,,,0.05295318337219929,271.33552007714667,299.62531408868983,245.71677022503872,12.0
membrane,bassdrum_32in,7,,1.8821944124645944e-07,,,0.051410159373000267,328.2721301869142,359.65783393574134,299.62531408868983,14.0
membrane,bassdrum_32in,8,,2.029894114328879e-09,,,0.038611893917906454,391.6601411572962,426.51000950742576,359.65783393574134,13.0
membrane,bassdrum_32in,9,,1.1050963804769403e-11,,,0.027912666432920574,462.2369334140603,500.9565493170786,426.51000950742576,12.0
membrane,bassdrum_32in,10,,1.7610315768964723e-14,,,0.012292616113955889,540.822128965883,583.8601682679283,500.9565493170786,7.0
membrane,bassdrum_32in,11,,3.389992943868803e-16,,,0.15042647324535147,628.3275372521083,676.1815851225036,583.8601682679283,118.28792391451307
membrane,bassdrum_32in,12,,1.8374354350342244e-19,,,0.13363957024874992,725.7679631618286,778.9906556781491,676.1815851225036,152.153196801084
membrane,bassdrum_32in,13,,3.1978603669561513e-23,,,0.11195695102089431,834.2731048009164,893.4787706641346,778.9906556781491,194.76929975631163
membrane,bassdrum_32in,14,,1.5305524801420581e-27,,,0.08785849676643344,955.1007271246142,1020.9726620319176,893.4787706641346,248.30782592923887
membrane,bassdrum_32in,15,,1.6881812047683561e-32,,,0.0640814338125257,1089.651288384257,1162.94977763112,1020.9726620319176,315.469763646536
membrane,bassdrum_32in,16,,3.508149778485996e-38,,,0.04304645068887369,1239.484201797112,1321.055402438827,1162.94977763112,399.61351837998023
membrane,bassdrum_32in,17,,1.0918039965518708e-44,,,0.02635259700020535,1406.3359280729921,1497.1217247495472,1321.055402438827,504.9137754221
membrane,bassdrum_32in,18,,3.918251237301841e-52,,,0.014525356995623137,1592.1401126215692,1693.1890682721116,1497.1217247495472,636.5586203344786
membrane,bassdrum_32in,19,,1.2040836763842511e-60,,,0.007109052342467211,1799.050003290016,1911.5295361791561,1693.1890682721116,800.994116286357
membrane,bassdrum_32in,20,,2.257768595933185e-70,,,0.0030406876360189747,2029.4634099536993,2154.6733411054515,1911.5295361791561,1006.2277475418355
membrane,bassdrum_32in,21,,1.7565149648994944e-81,,,0.0011161350539876183,2286.0504961747515,2425.4381262171387,2154.6733411054515,1262.2048793586973
membrane,bassdrum_32in,22,,3.6552607398322165e-94,,,0.0003443829139090809,2571.784725619831,2726.9616171356174,2425.4381262171387,1581.2757838985121
membrane,bassdrum_32in,23,,1.234505204490895e-108,,,8.723230171993076e-05,2889.9773222733784,3062.7379830990285,2726.9616171356174,1978.774997497121
membrane,bassdrum_32in,24,,3.832088760499803e-125,,,1.7657124110409443e-05,3244.3156440657726,3436.658328728339,3062.7379830990285,2473.740002850463
membrane,bassdrum_32in,25,,5.72437996664077e-144,,,2.769717877409053e-06,3638.905914797386,3853.0557856320793,3436.658328728339,3089.8027134508534
membrane,bassdrum_32in,26,,1.9705296386612755e-165,,,3.2511550596264653e-07,4078.320809686421,4316.755726388418,3853.0557856320793,3856.295278458315
membrane,bassdrum_32in,27,,6.76237497436117e-190,,,2.7443171741763515e-08,4567.652446074554,4833.131682803398,4316.755726388418,4809.6216980022555
membrane,bassdrum_32in,28,,8.916393783222616e-218,,,1.591984668253831e-09,5112.571393434344,5408.167616447384,4833.131682803398,5994.959105343115
membrane,bassdrum_32in,29,,1.5263770127904485e-249,,,6.027564146908741e-11,5719.392386557584,6048.527263084527,5408.167616447384,7468.367908385463
membrane,bassdrum_32in,30,,9.87084832223393e-286,,,1.4045473718138352e-12,6395.147503469621,6761.631354584867,6048.527263084527,9299.409001778535
membrane,bassdrum_32in,31,,0.0,,,1.884050892812903e-14,7147.667656109318,7555.743613196125,6761.631354584867,11574.389846552269
membrane,bassdrum_32in,32,,0.0,,,1.3482574053132278e-16,7985.673338139188,8440.066514709539,7555.743613196125,14400.390463507132
membrane,bassdrum_32in,33,,0.0,,,4.720409865578107e-19,8918.87568152042,9424.847930259928,8440.066514709539,17910.256659318373
membrane,bassdrum_32in,34,,0.0,,,7.327044092827979e-22,9958.08899294587,10521.49988256573,9424.847930259928,22268.792786946247
membrane,bassdrum_32in,35,,0.0,,,4.507481247029633e-25,11115.35607425443,11742.730792801776,10521.49988256573,27680.44212583591
membrane,bassdrum_32in,36,,0.0,,,9.673738114021489e-29,12404.08777909383,13102.692750631822,11742.730792801776,34398.812146018834
membrane,bassdrum_32in,37,,0.0,,,6.26425812645669e-33,13839.218423072582,14617.145514022386,13102.692750631822,42738.48770986194
membrane,bassdrum_28in,0,,0.7476222528391705,,,0.015486972746089811,31.070005997851133,48.26726363532532,19.999999999999982,1.0
membrane,bassdrum_28in,1,,0.17678198064803052,,,0.014459237142713272,62.04115804080137,79.74567027716589,48.26726363532532,1.0
membrane,bassdrum_28in,2,,0.061841790464188126,,,0.026614536246037865,95.6807360113951,114.80000371009025,79.74567027716589,2.0
membrane,bassdrum_28in,3,,0.011609071393840042,,,0.036160161427312175,132.8925478326256,153.83648692246896,114.80000371009025,3.0
membrane,bassdrum_28in,4,,0.002005172335975002,,,0.06435897650827167,174.22138513818598,197.30748957342993,153.83648692246896,6.0
membrane,bassdrum_28in,5,,0.00013343625689275432,,,0.06551280184260509,220.18573768342424,245.71677022503872,197.30748957342993,7.0
membrane,bassdrum_28in,6,,6.135761976469569e-06,,,0.07187656576519923,271.33552007714667,299.62531408868983,245.71677022503872,9.0
membrane,bassdrum_28in,7,,1.5828162703451758e-07,,,0.07310508412362178,328.2721301869142,359.65783393574134,299.62531408868983,11.0
membrane,bassdrum_28in,8,,2.0054537683573297e-09,,,0.06450494059431819,391.6601411572962,426.51000950742576,359.65783393574134,12.0
membrane,bassdrum_28in,9,,1.2813378032663487e-11,,,0.054726467163351784,462.2369334140603,500.9565493170786,426.51000950742576,13.0
membrane,bassdrum_28in,10,,3.231109870143709e-14,,,0.03813831547142904,540.822128965883,583.8601682679283,500.9565493170786,12.0
membrane,bassdrum_28in,11,,2.453859813543857e-17,,,0.018412291103106087,628.3275372521083,676.1815851225036,583.8601682679283,8.0
membrane,bassdrum_28in,12,,3.877516346214809e-21,,,0.004768801277195153,725.7679631618286,778.9906556781491,676.1815851225036,3.0
membrane,bassdrum_28in,13,,2.3768314263369358e-23,,,0.14070921884244067,834.2731048009164,893.4787706641346,778.9906556781491,135.25645816410525
membrane,bassdrum_28in,14,,1.1375935209836086e-27,,,0.11042191070716784,955.1007271246142,1020.9726620319176,893.4787706641346,172.43599022863808
membrane,bassdrum_28in,15,,1.254752140620841e-32,,,0.08053853210401615,1089.651288384257,1162.94977763112,1020.9726620319176,219.07622475453888
membrane,bassdrum_28in,16,,2.607456137848563e-38,,,0.05410144162679678,1239.484201797112,1321.055402438827,1162.94977763112,277.5093877638751
membrane,bassdrum_28in,17,,8.114907321218672e-45,,,0.03312034942499027,1406.3359280729921,1497.1217247495472,1321.055402438827,350.6345662653472
membrane,bassdrum_28in,18,,2.9122668310771494e-52,,,0.018255692189047497,1592.1401126215692,1693.1890682721116,1497.1217247495472,442.054597454499
membrane,bassdrum_28in,19,,8.949433663651405e-61,,,0.008934766378479696,1799.050003290016,1911.5295361791561,1693.1890682721116,556.2459140877478
membrane,bassdrum_28in,20,,1.6781018357341543e-70,,,0.0038215830112080158,2029.4634099536993,2154.6733411054515,1911.5295361791561,698.7692691262746
membrane,bassdrum_28in,21,,1.305541671720366e-81,,,0.001402775710995855,2286.0504961747515,2425.4381262171387,2154.6733411054515,876.5311662213173
membrane,bassdrum_28in,22,,2.7167973585283e-94,,,0.00043282574558310986,2571.784725619831,2726.9616171356174,2425.4381262171387,1098.1081832628556
membrane,bassdrum_28in,23,,9.175543736462017e-109,,,0.0001096348991368013,2889.9773222733784,3062.7379830990285,2726.9616171356174,1374.1493038174447
membrane,bassdrum_28in,24,,2.848225985282171e-125,,,2.2191745290706044e-05,3244.3156440657726,3436.658328728339,3062.7379830990285,1717.875001979488
membrane,bassdrum_28in,25,,4.25468427001895e-144,,,3.4810240488903386e-06,3638.905914797386,3853.0557856320793,3436.658328728339,2145.6963287853146
membrane,bassdrum_28in,26,,1.4646095308271812e-165,,,4.0861017078815625e-07,4078.320809686421,4316.755726388418,3853.0557856320793,2677.982832262718
membrane,bassdrum_28in,27,,5.026181105910825e-190,,,3.449100054200138e-08,4567.652446074554,4833.131682803398,4316.755726388418,3340.0150680571214
membrane,bassdrum_28in,28,,6.62717020810102e-218,,,2.000830828604226e-09,5112.571393434344,5408.167616447384,4833.131682803398,4163.166045377163
membrane,bassdrum_28in,29,,1.1344900765294669e-249,,,7.575535372305254e-11,5719.392386557584,6048.527263084527,5408.167616447384,5186.36660304546
membrane,bassdrum_28in,30,,7.336575023512437e-286,,,1.7652567501435799e-12,6395.147503469621,6761.631354584867,6048.527263084527,6457.922917901758
membrane,bassdrum_28in,31,,0.0,,,2.36790415396031e-14,7147.667656109318,7555.743613196125,6761.631354584867,8037.770726772408
membrane,bassdrum_28in,32,,0.0,,,1.694510654052687e-16,7985.673338139188,8440.066514709539,7555.743613196125,10000.271155213286
membrane,bassdrum_28in,33,,0.0,,,5.9326837569708985e-19,8918.87568152042,9424.847930259928,8440.066514709539,12437.678235637757
membrane,bassdrum_28in,34,,0.0,,,9.208741764801493e-22,9958.08899294587,10521.49988256573,9424.847930259928,15464.439435379338
membrane,bassdrum_28in,35,,0.0,,,5.6650717926225265e-25,11115.35607425443,11742.730792801776,10521.49988256573,19222.52925405271
membrane,bassdrum_28in,36,,0.0,,,1.2158102921687056e-28,12404.08777909383,13102.692750631822,11742.730792801776,23888.06399029086
membrane,bassdrum_28in,37,,0.0,,,7.873016008060374e-33,13839.218423072582,14617.145514022386,13102.692750631822,29679.505354070792
